[
  {
    "id": 1,
    "name": "ЧЕК-АП  «ВАШЕГО ОРГАНИЗМА»",
    "price": 2990,
    "description": 24,
    "composition": [
      "Лейкоцитарная формула, микроскопия",
      "Альфа-амилаза",
      "АЛТ",
      "Кальций общий",
      "Мочевина",
      "Общий анализ крови (5-diff)",
      "Креатинин",
      "Сывороточное железо",
      "Холестерин ЛПОНП",
      "Билирубин общий",
      "Гамма-ГТ",
      "Фосфатаза щелочная",
      "Глюкоза",
      "Холестерин общий",
      "Триглицериды",
      "Мочевая кислота",
      "Общий анализ мочи",
      "С-реактивный белок (ульрачувствительный)",
      "СОЭ",
      "Общий белок ",
      "ЛПНП",
      "ЛПВП",
      "Индекс астерогенности",
      "АСТ"
    ]
  },
  {
    "id": 2,
    "name": "ЧЕК-АП  «БАЗОВЫЙ»",
    "price": 9525,
    "description": 33,
    "composition": [
      "Лейкоцитарная формула, микроскопия",
      "Альфа-амилаза",
      "АЛТ",
      "Кальций общий",
      "Мочевина",
      "Общий анализ крови (5-diff)",
      "Креатинин",
      "Сывороточное железо",
      "Холестерин ЛПОНП",
      "Билирубин общий",
      "Гамма-ГТ",
      "Фосфатаза щелочная",
      "Глюкоза",
      "Холестерин общий",
      "Триглицериды",
      "Мочевая кислота",
      "Общий анализ мочи",
      "С-реактивный белок (ульрачувствительный)",
      "СОЭ",
      "Общий белок ",
      "ЛПНП",
      "ЛПВП",
      "Индекс астерогенности",
      "АСТ",
      "Гомоцестеин",
      "Витамин D (25-OH) (кальциферол)",
      "В12",
      "Фолиевая кислота",
      "Цинк",
      "Медь",
      "Общий анализ кала (копрограмма)",
      "Ферритин",
      "Щитовидная железа –скрининг:  ТТГ, Т3 свободный, Т4 свободный, анти-ТГ, анти-ТПО",
      "Взятие крови"
    ]
  },
  {
    "id": 3,
    "name": "ЧЕК-АП ДЛЯ ДЕТЕЙ  «БУДЬ ЗДОРОВ!»",
    "price": 7945,
    "description":  19,
    "composition": [
      "ОАК, ОАМ",
      "Лейкоцитарная формула",
      "Глюкоза, общий белок, билирубин общий, АЛТ, АСТ, мочевина, креатинин, сывороточное железо, холестерин, ЛПНП, ЛПОНП, ЛПВП, фосфатаза щелочная",
      "Альфа-амилаза",
      "ГГТ",
      "Триглицериды",
      "Индекс атерогенности",
      "С-реактивный белок",
      "СОЭ",
      "Кальций",
      "Мочевая кислота",
      "Ферритин",
      "Цинк",
      "Медь",
      "Витамин D",
      "Копрограмма",
      "Анализ кала на простейшие и яйца гельминтов",
      "Анализ кала на дисбактериоз",
      "Взятие крови"
    ]
  },
  {
    "id": 4,
    "name": "ЧЕК-АП  «СПОРТ»",
    "price": 7235,
    "description": 20,
    "composition": [
      "Общий анализ крови с лейкоформулой (5-diff), микроскопия+СОЭ",
      "Общий анализ мочи",
      "АЛТ",
      "АСТ",
      "Билирубин общий",
      "Гамма-ГТ",
      "Фосфатаза щелочная",
      "Глюкоза",
      "Чек-ап «Щитовидная железа»",
      "Лактат",
      "Кортизол",
      "Креатинфосфокиназа МВ",
      "Миоглобин",
      "Тестостерон",
      "Кортизол (слюна)",
      "Креатинин",
      "Мочевина",
      "Коагулограмма базовая",
      "Липидный профиль",
      "Взятие крови"
    ]
  },
  {
    "id": 5,
    "name": "ЧЕК-АП «ЗДОРОВЫЕ ВОЛОСЫ»",
    "price": 7395,
    "description": 16,
    "composition": [
      "Общий анализ крови с лейкоформулой (5-diff), микроскопия+СОЭ",
      "АЛТ",
      "АСТ",
      "Билирубин общий",
      "Фосфатаза щелочная",
      "С-реактивный белок (ультрачувствительный)",
      "Чек-ап «Щитовидная железа»",
      "Se (cелен)",
      "Глутатион-пероксидаза",
      "Общий белок",
      "Медь",
      "Цинк",
      "D-димер",
      "Фолиевая кислота",
      "Ферритин",
      "Взятие крови"
    ]
  },
  {
    "id": 6,
    "name": "ЧЕК-АП «АНЕМИЯ»",
    "price": 3250,
    "description": 7,
    "composition": [
      "Общий анализ крови с лейкоформулой и СОЭ ",
      "Ферритин",
      "Трансферрин",
      "Коэффициент насыщения трансферрина",
      "Общий белок",
      "Сывороточное железо ",
      "Гомоцистеин"
    ]
  }
]