[
  {
    "id": 1,
    "name": "",
    "skills": [
      "руководитель клиники",
      "врач антивозрастной превентивной медицины",
      "дерматолог - косметолог",
      "трихолог",
      "нутрициилог"
    ],
    "photoUrl": ""
  },
  {
    "id": 2,
    "name": "Петрова Людмила Владимировна",
    "skills": [
      "гинеколог–эндокринолог",
      "врач высшей категории",
      "стаж работы – 33 года"
    ],
    "photoUrl": ""
  },
  {
    "id": 3,
    "name": "Степанова Ирина Николаевна",
    "skills": [
      "медицинский психолог",
      "стаж работы – 19 лет"
    ],
    "photoUrl": ""
  },
  {
    "id": 4,
    "name": "Матыченко Инна Дмитриевна",
    "skills": [
      "гастроэнтеролог"
    ],
    "photoUrl": ""
  },
  {
    "id": 5,
    "name": "Кузнецова Юлия Сергеевна",
    "skills": [
      "ревматолог"
    ],
    "photoUrl": ""
  }
]