[
  {
    "id": 1,
    "name": "Экспресс-капельница DETOX",
    "price": 3200,
    "description": "Выводит токсины и шлаки, ускоряет все обменные процессы в клетках организма, устраняет вялость, повышает энергию, улучшает внешний вид. В состав входят активные действующие вещества, которые поступают прямо в кровоток, быстро и без проблем усваиваются и способствуют физиологической детоксификации организма.",
    "composition": [
      "глутатион",
      "витамины группы B",
      "янтарная кислота",
      "другие активные вещества"
    ],
    "result": [
      "мгновенно улучшается и выравнивается цвет лица",
      "появляется блеск в глазах",
      "проходит усталость",
      "появляется энергия",
      "гармонизируется нервная система",
      "помогает быстро прийти в себя после вечеринки"
    ],
    "text": "Даже одна капельница оказывает мощный положительный эффект на состояние организма. Стабильный и выраженный результат наблюдается после курса капельниц. 5  сеансов внутривенной терапии равны 3 месяцам приема БАД. Особенно внутривенная терапия рекомендована пациентам с проблемами ЖКТ. ",
    "info": [
      "в составах используются только зарегистрированные в РФ лекарственные средства",
      "процедуру проводят опытные медсестра",
      "длительность: 1,5 часа",
      "курс: 5 капельниц",
      "эксперсс-детокс: 1 капельница"
    ]
  },
  {
    "id": 2,
    "name": "Капельница ЭНЕРГИЯ",
    "price": 3200,
    "description": "Повышает уровень энергии в организме, улучшает работу нервных клеток, улучшает работу митохондрий.",
    "composition": [

    ],
    "result": [

    ],
    "text": "",
    "info": []
  },
  {
    "id": 3,
    "name": "Капельница ЖЕЛЕЗО",
    "price": 3200,
    "description": "Восполняет дефицит железа в организме.",
    "composition": [

     ],
    "result": [

    ],
    "text": "",
    "info": []
  },
  {
    "id": 4,
    "name": "Капельница  КРАСИВАЯ КОЖА",
    "price": 6000,
    "description": "Омолаживает, питает, улучшает качества кожи.",
    "composition": [

    ],
    "result": [

    ],
    "text": "",
    "info": []
  },
  {
    "id": 5,
    "name": "Капельница  ВИТАМИННАЯ",
    "price": 3200,
    "description": "Насыщает организм витаминами.",
    "composition": [

    ],
    "result": [

    ],
    "text": "",
    "info": []
  }
]