[
  {
    "id": 1,
    "name": "Судебно-медицинское тестирование"
  },
  {
    "id": 2,
    "name": "Судебно-медицинское тестирование"
  },
  {
    "id": 3,
    "name": "Установление биологического родства"
  },
  {
    "id": 4,
    "name": "Молекулярно-генетические исследования (без заключения генетика)"
  },
  {
    "id": 5,
    "name": "Секвенирование экзома"
  },
  {
    "id": 6,
    "name": "Генетические карты (с заключением медицинского генетика)"
  },
  {
    "id": 7,
    "name": "Спортивная генетика (с заключением медицинского генетика)"
  },
  {
    "id": 8,
    "name": "Генетический анализ 'Ваша жизнь'"
  }
]